Job Title,Company,Link
Applied AI Engineer,Growth Factory Ventures,https://weworkremotely.com/remote-jobs/growth-factory-ventures-applied-ai-engineer
Software engineer,Sticker Mule,https://weworkremotely.com/remote-jobs/sticker-mule-software-engineer-1
"Senior Software Engineer (React, Node.js, GraphQL, PostgreSQL)",Contra,https://weworkremotely.com/remote-jobs/contra-senior-software-engineer-react-node-js-graphql-postgresql
Coding bootcamp - Job Guaranteed,Metana,https://weworkremotely.comhttps://link.metana.io/weworkremotely
Senior Fullstack Developer,Zencastr,https://weworkremotely.com/remote-jobs/zencastr-senior-fullstack-developer
Creative Engineer,Contra,https://weworkremotely.com/remote-jobs/contra-creative-engineer
Sr. Software Engineer II,KFC,https://weworkremotely.com/remote-jobs/kfc-sr-software-engineer-ii
Product Engineer - Data Modeling,PostHog,https://weworkremotely.com/remote-jobs/posthog-product-engineer-data-modeling
AI Product Engineer,PostHog,https://weworkremotely.com/remote-jobs/posthog-ai-product-engineer
"Experienced Full-Stack Software Engineer (.NET/React), 80–100% (f/m/x), fully remote",comparis.ch,https://weworkremotely.com/remote-jobs/comparis-ch-experienced-full-stack-software-engineer-net-react-80-100-f-m-x-fully-remote
Senior Full Stack MERN Developer,Remote Leverage,https://weworkremotely.com/remote-jobs/remote-leverage-senior-full-stack-mern-developer
"Senior Full Stack Javascript Engineer (Remote, 4-day week)",Stack Influence,https://weworkremotely.com/remote-jobs/stack-influence-senior-full-stack-javascript-engineer-remote-4-day-week
Player-Coach Engineering Team Lead,Silverfin,https://weworkremotely.com/remote-jobs/silverfin-player-coach-engineering-team-lead-1
Experienced Ruby Product Engineer,Silverfin,https://weworkremotely.com/remote-jobs/silverfin-experienced-ruby-product-engineer-1
Senior Software Engineer,Stellar AI,https://weworkremotely.com/remote-jobs/stellar-ai-senior-software-engineer
Full-Stack Engineer,DynamiCare Health,https://weworkremotely.com/remote-jobs/dynamicare-health-full-stack-engineer
Senior Fullstack Developer (Python),Proxify AB,https://weworkremotely.com/remote-jobs/proxify-ab-senior-fullstack-developer-python
Senior Fullstack Developer (React.js & Node.js),Proxify AB,https://weworkremotely.com/remote-jobs/proxify-ab-senior-fullstack-developer-react-js-node-js-1
"Software Engineer, Business Experience",CodeSignal,https://weworkremotely.com/remote-jobs/codesignal-software-engineer-business-experience-1
Fully Remote - Founding Full-Stack Senior Engineer (UK ONLY),MyDataValue,https://weworkremotely.com/remote-jobs/mydatavalue-fully-remote-founding-full-stack-senior-engineer-uk-only
Senior Symfony Developer,BBE Marketing Inc,https://weworkremotely.com/remote-jobs/bbe-marketing-inc-senior-symfony-developer
Fullstack Engineer,Sonas,https://weworkremotely.com/remote-jobs/sonas-fullstack-engineer
Engineering Manager / Lead Engineer,Preql,https://weworkremotely.com/remote-jobs/preql-engineering-manager-lead-engineer
Senior Independent Software Developer ($90-$170/hr),A.Team,https://weworkremotely.com/remote-jobs/a-team-senior-independent-software-developer-90-170-hr
Junior VibeCoder & Mobile App Builder,App Sauce,https://weworkremotely.com/remote-jobs/app-sauce-junior-vibecoder-mobile-app-builder
Javascript Fullstack Engineer - Senior,Lumenalta,https://weworkremotely.com/remote-jobs/lumenalta-javascript-fullstack-engineer-senior
Senior Shopify Developer (Remote + Flexible),Storetasker,https://weworkremotely.com/remote-jobs/storetasker-senior-shopify-developer-remote-flexible-3
Senior Full-Stack TypeScript Engineer (NestJS + React) – SaaS Platform,Enrollio,https://weworkremotely.com/remote-jobs/enrollio-senior-full-stack-typescript-engineer-nestjs-react-saas-platform
